{
  "project_info": {
    "project_number": "558125207865",
    "project_id": "barbearia-do-bela",
    "storage_bucket": "barbearia-do-bela.appspot.com"
  },
  "client": [
    {
      "client_info": {
        "mobilesdk_app_id": "1:558125207865:android:4f6bce8103c275042f98e8",
        "android_client_info": {
          "package_name": "com.example.appteste"
        }
      },
      "oauth_client": [
        {
          "client_id": "558125207865-38958p61cl0ae8tc3kiqfoqhi0g3c4jq.apps.googleusercontent.com",
          "client_type": 3
        }
      ],
      "api_key": [
        {
          "current_key": "AIzaSyBlGf0UhnlsIEDwpbqyTECKTMIHiLP3Zvg"
        }
      ],
      "services": {
        "appinvite_service": {
          "other_platform_oauth_client": [
            {
              "client_id": "558125207865-38958p61cl0ae8tc3kiqfoqhi0g3c4jq.apps.googleusercontent.com",
              "client_type": 3
            }
          ]
        }
      }
    }
  ],
  "configuration_version": "1"
}